,date,borough,daily_call_vol,mean_severity_level,max_severity_level,min_severity,non_urgent_call,day_of_week,is_weekend,is_holiday,lag_1,lag_7,temp,precp,snowfall,snow_depth
0,2025-01-01,Bronx,954,4.091194968553459,1,7,205,2,0,1,1020.859649122807,1018.1296296296297,45.32,0.25416666666666665,0.0,0.0
1,2025-01-02,Bronx,1116,4.14426523297491,1,8,278,3,0,0,954.0,1018.1296296296297,37.13,0.0,0.0,0.0
2,2025-01-03,Bronx,1116,4.229390681003585,1,8,276,4,0,0,1116.0,1018.1296296296297,32.9825,0.0,0.0,0.0
3,2025-01-04,Bronx,1035,4.173913043478261,1,8,231,5,1,0,1116.0,1018.1296296296297,29.6975,0.0,0.0,0.0
4,2025-01-05,Bronx,964,4.117219917012448,1,8,237,6,1,0,1035.0,1018.1296296296297,28.565,0.0,0.0,0.0
5,2025-01-06,Bronx,1063,4.116650987770461,1,7,234,0,0,0,964.0,1018.1296296296297,27.9725,0.05833333333333334,0.04083333333333334,0.007916666666666667
6,2025-01-07,Bronx,1092,4.186813186813187,1,7,266,1,0,0,1063.0,1018.1296296296297,23.015,0.0,0.0,0.011666666666666667
7,2025-01-08,Bronx,998,4.113226452905812,1,8,256,2,0,0,1092.0,954.0,24.522499999999997,0.0,0.0,0.01
8,2025-01-09,Bronx,1062,4.330508474576271,1,8,296,3,0,0,998.0,1116.0,25.025000000000002,0.0,0.0,0.01
9,2025-01-10,Bronx,1121,4.081177520071365,1,8,268,4,0,0,1062.0,1116.0,31.3475,0.0,0.0,0.01
10,2025-01-11,Bronx,1022,4.12133072407045,1,7,239,5,1,0,1121.0,1035.0,30.275000000000002,0.075,0.0525,0.017083333333333336
11,2025-01-12,Bronx,909,4.078107810781078,1,8,210,6,1,0,1022.0,964.0,32.975,0.0,0.0,0.02
12,2025-01-13,Bronx,1165,4.179399141630901,1,8,298,0,0,0,909.0,1063.0,34.22,0.0,0.0,0.015833333333333335
13,2025-01-14,Bronx,1095,4.127853881278539,1,8,270,1,0,0,1165.0,1092.0,28.985,0.0,0.0,0.01
14,2025-01-15,Bronx,1114,4.192100538599641,1,8,274,2,0,0,1095.0,998.0,26.022499999999997,0.0,0.0,0.01
15,2025-01-16,Bronx,1072,4.252798507462686,1,8,297,3,0,0,1114.0,1062.0,26.8025,0.016666666666666666,0.011666666666666667,0.01
16,2025-01-17,Bronx,1151,4.168549087749783,1,8,289,4,0,0,1072.0,1121.0,31.4525,0.0,0.0,0.01
17,2025-01-18,Bronx,1008,4.185515873015873,1,7,241,5,1,0,1151.0,1022.0,37.865,0.11666666666666665,0.0,0.01
18,2025-01-19,Bronx,945,4.176719576719576,1,7,239,6,1,0,1008.0,909.0,33.1775,0.30833333333333335,0.21291666666666667,0.015416666666666667
19,2025-01-20,Bronx,1065,4.175586854460094,1,8,269,0,0,1,945.0,1165.0,19.7525,0.008333333333333333,0.005833333333333334,0.05000000000000001
20,2025-01-21,Bronx,1127,4.237799467613132,1,8,299,1,0,0,1065.0,1095.0,12.762500000000001,0.016666666666666666,0.011666666666666667,0.05000000000000001
21,2025-01-22,Bronx,1042,4.2168905950095965,1,8,283,2,0,0,1127.0,1114.0,12.222499999999998,0.0,0.0,0.05000000000000001
22,2025-01-23,Bronx,1057,4.1655629139072845,1,8,252,3,0,0,1042.0,1072.0,17.57,0.0,0.0,0.05000000000000001
23,2025-01-24,Bronx,1162,4.195352839931153,1,8,296,4,0,0,1057.0,1151.0,22.01,0.0,0.0,0.05000000000000001
24,2025-01-25,Bronx,978,4.1503067484662575,1,8,223,5,1,0,1162.0,1008.0,20.8775,0.0,0.0,0.04583333333333334
25,2025-01-26,Bronx,989,4.194135490394338,1,8,254,6,1,0,978.0,945.0,30.7325,0.0,0.0,0.04
26,2025-01-27,Bronx,1099,4.2620564149226565,1,7,314,0,0,0,989.0,1065.0,30.0425,0.0,0.0,0.03791666666666667
27,2025-01-28,Bronx,1092,4.131868131868132,1,8,267,1,0,0,1099.0,1127.0,33.1025,0.0,0.0,0.03
28,2025-01-29,Bronx,1051,4.139866793529971,1,8,273,2,0,0,1092.0,1042.0,39.050000000000004,0.004166666666666667,0.0,0.025833333333333333
29,2025-01-30,Bronx,1102,4.279491833030853,1,7,301,3,0,0,1051.0,1057.0,28.115,0.0,0.0,0.02
30,2025-01-31,Bronx,1080,4.187962962962963,1,8,267,4,0,0,1102.0,1162.0,37.46,0.3625,0.0,0.015833333333333335
31,2025-02-01,Bronx,924,4.1482683982683985,1,8,239,5,1,0,1080.0,978.0,32.405,0.07083333333333333,0.0,0.01
32,2025-02-02,Bronx,989,4.219413549039434,1,7,251,6,1,0,924.0,989.0,23.5475,0.0625,0.043750000000000004,0.011250000000000001
33,2025-02-03,Bronx,1154,4.194974003466204,1,7,298,0,0,0,989.0,1099.0,34.865,0.03333333333333333,0.023333333333333334,0.034999999999999996
34,2025-02-04,Bronx,1083,4.160664819944598,1,7,265,1,0,0,1154.0,1092.0,38.285000000000004,0.0,0.0,0.022500000000000003
35,2025-02-05,Bronx,1044,4.24904214559387,1,8,273,2,0,0,1083.0,1051.0,29.4725,0.0,0.0,0.02
36,2025-02-06,Bronx,1025,4.204878048780488,1,7,263,3,0,0,1044.0,1102.0,33.0725,0.40833333333333327,0.14583333333333334,0.03375
37,2025-02-07,Bronx,1126,4.103907637655418,1,7,265,4,0,0,1025.0,1080.0,33.8975,0.0,0.0,0.03166666666666667
38,2025-02-08,Bronx,984,4.2144308943089435,1,8,252,5,1,0,1126.0,924.0,28.625,0.30416666666666664,0.21291666666666664,0.030416666666666665
39,2025-02-09,Bronx,911,4.150384193194292,1,8,223,6,1,0,984.0,989.0,32.0,0.26666666666666666,0.12250000000000001,0.09000000000000001
40,2025-02-10,Bronx,1162,4.316695352839931,1,8,311,0,0,0,911.0,1154.0,27.74,0.0,0.0,0.08708333333333333
41,2025-02-11,Bronx,1072,4.324626865671642,1,7,298,1,0,0,1162.0,1083.0,24.1775,0.04583333333333334,0.03208333333333333,0.08041666666666666
42,2025-02-12,Bronx,1014,4.214990138067061,1,8,267,2,0,0,1072.0,1044.0,31.242499999999996,0.18333333333333335,0.1225,0.10208333333333335
43,2025-02-13,Bronx,974,4.2032854209445585,1,8,259,3,0,0,1014.0,1025.0,37.3325,0.23750000000000002,0.002916666666666667,0.08458333333333334
44,2025-02-14,Bronx,1031,4.162948593598448,1,8,247,4,0,0,974.0,1126.0,29.66,0.0,0.0,0.05625
45,2025-02-15,Bronx,969,4.21155830753354,1,8,244,5,1,0,1031.0,984.0,30.05,0.2708333333333333,0.10791666666666666,0.05625
46,2025-02-16,Bronx,884,4.158371040723982,1,7,224,6,1,0,969.0,911.0,36.6875,1.05,0.0,0.06125
47,2025-02-17,Bronx,930,4.2387096774193544,1,8,236,0,0,1,884.0,1162.0,29.48,0.004166666666666667,0.002916666666666667,0.03
48,2025-02-18,Bronx,1018,4.109037328094303,1,7,243,1,0,0,930.0,1072.0,22.01,0.0,0.0,0.028749999999999998
49,2025-02-19,Bronx,995,4.181909547738694,1,8,253,2,0,0,1018.0,1014.0,22.58,0.0,0.0,0.02
50,2025-02-20,Bronx,981,4.223241590214068,1,8,253,3,0,0,995.0,974.0,22.9175,0.0375,0.026250000000000006,0.022500000000000003
51,2025-02-21,Bronx,998,4.2044088176352705,1,8,245,4,0,0,981.0,1031.0,24.8,0.0,0.0,0.03
52,2025-02-22,Bronx,888,4.246621621621622,1,8,213,5,1,0,998.0,969.0,28.025000000000002,0.0,0.0,0.02666666666666667
53,2025-02-23,Bronx,892,4.070627802690583,1,8,196,6,1,0,888.0,884.0,36.214999999999996,0.0,0.0,0.02
54,2025-02-24,Bronx,1078,4.1938775510204085,1,7,275,0,0,0,892.0,930.0,38.0,0.0,0.0,0.015
55,2025-02-25,Bronx,1055,4.1810426540284364,1,8,237,1,0,0,1078.0,1018.0,43.745000000000005,0.0,0.0,0.006666666666666667
56,2025-02-26,Bronx,1058,4.262759924385633,1,8,269,2,0,0,1055.0,995.0,43.6625,0.0,0.0,0.0
57,2025-02-27,Bronx,1064,4.195488721804511,1,8,256,3,0,0,1058.0,981.0,45.8975,0.10833333333333334,0.0,0.0
58,2025-02-28,Bronx,1049,4.245948522402288,1,8,276,4,0,0,1064.0,998.0,42.3725,0.0,0.0,0.0
59,2025-03-01,Bronx,960,4.166666666666667,1,7,228,5,1,0,1049.0,888.0,43.63999999999999,0.0,0.0,0.0
60,2025-03-02,Bronx,927,4.169363538295577,1,8,218,6,1,0,960.0,892.0,24.867500000000003,0.0,0.0,0.0
61,2025-03-03,Bronx,1042,4.205374280230326,1,7,263,0,0,0,927.0,1078.0,28.985,0.0,0.0,0.0
62,2025-03-04,Bronx,1068,4.297752808988764,1,7,285,1,0,0,1042.0,1055.0,39.2525,0.0,0.0,0.0
63,2025-03-05,Bronx,987,4.394123606889564,1,7,306,2,0,0,1068.0,1058.0,48.642500000000005,1.425,0.0,0.0
64,2025-03-06,Bronx,1008,4.237103174603175,1,8,248,3,0,0,987.0,1064.0,49.25,0.24583333333333332,0.0,0.0
65,2025-03-07,Bronx,976,4.309426229508197,1,7,261,4,0,0,1008.0,1049.0,37.955,0.0,0.0,0.0
66,2025-03-08,Bronx,943,4.285259809119831,1,8,244,5,1,0,976.0,960.0,37.925000000000004,0.0,0.0,0.0
67,2025-03-09,Bronx,870,4.2172413793103445,1,8,208,6,1,0,943.0,927.0,38.585,0.0,0.0,0.0
68,2025-03-10,Bronx,1145,4.166812227074236,1,8,279,0,0,0,870.0,1042.0,48.620000000000005,0.0,0.0,0.0
69,2025-03-11,Bronx,1065,4.245070422535211,1,8,288,1,0,0,1145.0,1068.0,48.642500000000005,0.0,0.0,0.0
70,2025-03-12,Bronx,1047,4.307545367717288,1,8,298,2,0,0,1065.0,987.0,45.605,0.0,0.0,0.0
71,2025-03-13,Bronx,1015,4.307389162561576,1,8,283,3,0,0,1047.0,1008.0,41.105,0.0,0.0,0.0
72,2025-03-14,Bronx,1103,4.280145058930191,1,8,277,4,0,0,1015.0,976.0,43.107499999999995,0.0,0.0,0.0
73,2025-03-15,Bronx,901,4.279689234184239,1,8,231,5,1,0,1103.0,943.0,44.135,0.020833333333333332,0.0,0.0
74,2025-03-16,Bronx,878,4.3211845102505695,1,8,238,6,1,0,901.0,870.0,53.4725,0.075,0.0,0.0
75,2025-03-17,Bronx,963,4.235721703011422,1,8,237,0,0,0,878.0,1145.0,52.4975,1.0541666666666667,0.0,0.0
76,2025-03-18,Bronx,1011,4.254203758654797,1,7,265,1,0,0,963.0,1065.0,44.067499999999995,0.0,0.0,0.0
77,2025-03-19,Bronx,1084,4.2924354243542435,1,7,293,2,0,0,1011.0,1047.0,46.8425,0.0,0.0,0.0
78,2025-03-20,Bronx,1066,4.271106941838649,1,7,291,3,0,0,1084.0,1015.0,46.2875,0.37083333333333335,0.0,0.0
79,2025-03-21,Bronx,1062,4.2297551789077215,1,8,268,4,0,0,1066.0,1103.0,43.60999999999999,0.28750000000000003,0.0,0.0
80,2025-03-22,Bronx,953,4.184679958027282,1,8,214,5,1,0,1062.0,901.0,46.445,0.004166666666666667,0.0,0.0
81,2025-03-23,Bronx,907,4.269018743109151,1,8,235,6,1,0,953.0,878.0,37.0625,0.0,0.0,0.0
82,2025-03-24,Bronx,988,4.200404858299595,1,7,248,0,0,0,907.0,963.0,44.0825,0.5583333333333333,0.0,0.0
83,2025-03-25,Bronx,1097,4.201458523245214,1,8,280,1,0,0,988.0,1011.0,48.199999999999996,0.0,0.0,0.0
84,2025-03-26,Bronx,974,4.229979466119096,1,7,254,2,0,0,1097.0,1084.0,42.335,0.004166666666666667,0.0,0.0
85,2025-03-27,Bronx,952,4.267857142857143,1,8,268,3,0,0,974.0,1066.0,39.875,0.0,0.0,0.0
86,2025-03-28,Bronx,1024,4.22265625,1,8,272,4,0,0,952.0,1062.0,49.017500000000005,0.029166666666666664,0.0,0.0
87,2025-03-29,Bronx,972,4.181069958847736,1,8,231,5,1,0,1024.0,953.0,58.6325,0.10833333333333334,0.0,0.0
88,2025-03-30,Bronx,873,4.1901489117983965,1,8,204,6,1,0,972.0,907.0,45.785,0.020833333333333332,0.0,0.0
89,2025-03-31,Bronx,1000,4.191,1,8,249,0,0,0,873.0,988.0,58.655,0.8166666666666668,0.0,0.0
90,2025-04-01,Bronx,1042,4.242802303262956,1,8,263,1,0,0,1000.0,1097.0,47.8775,0.30416666666666664,0.0,0.0
91,2025-04-02,Bronx,988,4.351214574898785,1,8,264,2,0,0,1042.0,974.0,39.987500000000004,0.0,0.0,0.0
92,2025-04-03,Bronx,1016,4.256889763779528,1,8,273,3,0,0,988.0,952.0,58.595,0.2916666666666667,0.0,0.0
93,2025-04-04,Bronx,1144,4.184440559440559,1,8,266,4,0,0,1016.0,1024.0,62.96,0.19166666666666665,0.0,0.0
94,2025-04-05,Bronx,928,4.099137931034483,1,8,210,5,1,0,1144.0,972.0,48.335,0.06666666666666667,0.0,0.0
95,2025-04-06,Bronx,925,4.075675675675676,1,8,205,6,1,0,928.0,873.0,49.34,0.1791666666666667,0.0,0.0
96,2025-04-07,Bronx,1003,4.231306081754735,1,7,262,0,0,0,925.0,1000.0,42.365,0.3166666666666667,0.0,0.0
97,2025-04-08,Bronx,967,4.314374353671148,1,7,274,1,0,0,1003.0,1042.0,39.665,0.0,0.0,0.0
98,2025-04-09,Bronx,1038,4.152215799614644,1,8,232,2,0,0,967.0,988.0,37.2725,0.0,0.0,0.0
99,2025-04-10,Bronx,972,4.226337448559671,1,8,249,3,0,0,1038.0,1016.0,41.39,0.03333333333333333,0.0,0.0
100,2025-04-11,Bronx,1033,4.2749273959341725,1,8,262,4,0,0,972.0,1144.0,41.8325,0.4375,0.017499999999999998,0.0
101,2025-04-12,Bronx,889,4.222722159730034,1,8,216,5,1,0,1033.0,928.0,39.095,0.6875,0.05833333333333333,0.0
102,2025-04-13,Bronx,940,4.178723404255319,1,7,229,6,1,0,889.0,925.0,47.525,0.004166666666666667,0.0,0.0
103,2025-04-14,Bronx,1062,4.181732580037664,1,7,250,0,0,0,940.0,1003.0,50.982499999999995,0.0,0.0,0.0
104,2025-04-15,Bronx,980,4.153061224489796,1,8,252,1,0,0,1062.0,967.0,55.26499999999999,0.18333333333333332,0.0,0.0
105,2025-04-16,Bronx,958,4.338204592901879,1,7,255,2,0,0,980.0,1038.0,45.357499999999995,0.0,0.0,0.0
106,2025-04-17,Bronx,981,4.223241590214068,1,7,251,3,0,0,958.0,972.0,48.5225,0.0,0.0,0.0
107,2025-04-18,Bronx,1033,4.260406582768635,1,8,283,4,0,0,981.0,1033.0,51.919999999999995,0.004166666666666667,0.0,0.0
108,2025-04-19,Bronx,995,4.202010050251256,1,8,232,5,1,0,1033.0,889.0,67.76,0.0,0.0,0.0
109,2025-04-20,Bronx,962,4.215176715176715,1,8,217,6,1,0,995.0,940.0,59.517500000000005,0.0,0.0,0.0
110,2025-04-21,Bronx,1098,4.183970856102004,1,8,266,0,0,0,962.0,1062.0,50.09,0.012500000000000002,0.0,0.0
111,2025-04-22,Bronx,1171,4.251921434671221,1,8,297,1,0,0,1098.0,980.0,63.5,0.008333333333333333,0.0,0.0
112,2025-04-23,Bronx,1085,4.28110599078341,1,7,285,2,0,0,1171.0,958.0,61.767500000000005,0.0,0.0,0.0
113,2025-04-24,Bronx,1109,4.15419296663661,1,8,260,3,0,0,1085.0,981.0,64.58749999999999,0.0,0.0,0.0
114,2025-04-25,Bronx,959,4.235662148070907,1,8,254,4,0,0,1109.0,1033.0,65.5775,0.0,0.0,0.0
115,2025-01-01,Brooklyn,1140,4.160526315789474,1,8,233,2,0,1,1182.4649122807018,1179.6944444444443,45.725,0.2125,0.0,0.0
116,2025-01-02,Brooklyn,1233,4.2319545823195455,1,8,324,3,0,0,1140.0,1179.6944444444443,36.7925,0.0,0.0,0.0
117,2025-01-03,Brooklyn,1294,4.244204018547141,1,8,330,4,0,0,1233.0,1179.6944444444443,32.8175,0.0,0.0,0.0
118,2025-01-04,Brooklyn,1117,4.196060877350045,1,8,274,5,1,0,1294.0,1179.6944444444443,29.5475,0.0,0.0,0.0
119,2025-01-05,Brooklyn,1107,4.186088527551942,1,7,295,6,1,0,1117.0,1179.6944444444443,28.3175,0.0,0.0,0.0
120,2025-01-06,Brooklyn,1262,4.1608557844690965,1,8,274,0,0,0,1107.0,1179.6944444444443,27.8225,0.07083333333333335,0.04666666666666667,0.007916666666666667
121,2025-01-07,Brooklyn,1210,4.208264462809917,1,8,294,1,0,0,1262.0,1179.6944444444443,22.64,0.004166666666666667,0.002916666666666667,0.014583333333333335
122,2025-01-08,Brooklyn,1268,4.151419558359621,1,8,303,2,0,0,1210.0,1140.0,24.462500000000002,0.0,0.0,0.01
123,2025-01-09,Brooklyn,1155,4.1878787878787875,1,8,280,3,0,0,1268.0,1233.0,24.5525,0.0,0.0,0.01
124,2025-01-10,Brooklyn,1258,4.213036565977743,1,8,312,4,0,0,1155.0,1294.0,30.7175,0.0,0.0,0.01
125,2025-01-11,Brooklyn,1157,4.238547968885047,1,8,277,5,1,0,1258.0,1117.0,29.974999999999998,0.075,0.04958333333333333,0.017083333333333336
126,2025-01-12,Brooklyn,1179,4.168787107718406,1,8,289,6,1,0,1157.0,1107.0,33.23,0.0,0.0,0.02
127,2025-01-13,Brooklyn,1362,4.240822320117474,1,8,360,0,0,0,1179.0,1262.0,34.910000000000004,0.0,0.0,0.015416666666666667
128,2025-01-14,Brooklyn,1246,4.284911717495987,1,8,312,1,0,0,1362.0,1210.0,29.247500000000002,0.0,0.0,0.01
129,2025-01-15,Brooklyn,1223,4.192968111201963,1,8,308,2,0,0,1246.0,1268.0,26.0975,0.0,0.0,0.01
130,2025-01-16,Brooklyn,1212,4.256600660066007,1,8,326,3,0,0,1223.0,1155.0,26.5775,0.016666666666666666,0.011666666666666667,0.01
131,2025-01-17,Brooklyn,1288,4.239906832298137,1,8,311,4,0,0,1212.0,1258.0,31.212500000000002,0.0,0.0,0.01
132,2025-01-18,Brooklyn,1211,4.169281585466557,1,8,287,5,1,0,1288.0,1157.0,38.6825,0.08333333333333333,0.0,0.01
133,2025-01-19,Brooklyn,1210,4.169421487603306,1,8,277,6,1,0,1211.0,1179.0,33.5675,0.28750000000000003,0.19833333333333333,0.012499999999999999
134,2025-01-20,Brooklyn,1148,4.20993031358885,1,8,262,0,0,1,1210.0,1362.0,19.43,0.0,0.002916666666666667,0.04
135,2025-01-21,Brooklyn,1195,4.228451882845189,1,7,291,1,0,0,1148.0,1246.0,12.44,0.020833333333333332,0.014583333333333335,0.04
136,2025-01-22,Brooklyn,1219,4.264150943396227,1,8,319,2,0,0,1195.0,1223.0,11.54,0.0,0.0,0.04
137,2025-01-23,Brooklyn,1261,4.282315622521808,1,8,330,3,0,0,1219.0,1212.0,17.2175,0.0,0.0,0.04
138,2025-01-24,Brooklyn,1208,4.28476821192053,1,8,319,4,0,0,1261.0,1288.0,21.95,0.0,0.0,0.04
139,2025-01-25,Brooklyn,1135,4.172687224669604,1,8,279,5,1,0,1208.0,1211.0,20.18,0.0,0.0,0.04
140,2025-01-26,Brooklyn,1156,4.187716262975779,1,8,268,6,1,0,1135.0,1210.0,31.040000000000003,0.0,0.0,0.035833333333333335
141,2025-01-27,Brooklyn,1296,4.205246913580247,1,8,325,0,0,0,1156.0,1148.0,30.575000000000003,0.0,0.0,0.03
142,2025-01-28,Brooklyn,1237,4.175424413904608,1,8,304,1,0,0,1296.0,1195.0,34.160000000000004,0.0,0.0,0.025833333333333333
143,2025-01-29,Brooklyn,1142,4.205779334500876,1,8,277,2,0,0,1237.0,1219.0,40.324999999999996,0.008333333333333333,0.0,0.01625
144,2025-01-30,Brooklyn,1238,4.202746365105008,1,8,311,3,0,0,1142.0,1261.0,29.435,0.0,0.0,0.01
145,2025-01-31,Brooklyn,1261,4.255352894528152,1,8,323,4,0,0,1238.0,1208.0,40.9625,0.45416666666666666,0.0,0.01
146,2025-02-01,Brooklyn,1104,4.1476449275362315,1,8,253,5,1,0,1261.0,1135.0,34.22,0.15833333333333333,0.0,0.0008333333333333334
147,2025-02-02,Brooklyn,1042,4.246641074856046,1,8,270,6,1,0,1104.0,1156.0,24.995,0.2833333333333333,0.1925,0.0016666666666666668
148,2025-02-03,Brooklyn,1331,4.120210368144252,1,7,307,0,0,0,1042.0,1296.0,35.795,0.008333333333333333,0.002916666666666667,0.017083333333333336
149,2025-02-04,Brooklyn,1214,4.200164744645799,1,8,318,1,0,0,1331.0,1237.0,39.275,0.029166666666666664,0.0,0.01
150,2025-02-05,Brooklyn,1226,4.302610114192496,1,8,353,2,0,0,1214.0,1142.0,29.930000000000003,0.0,0.0,0.01
151,2025-02-06,Brooklyn,1250,4.2576,1,8,320,3,0,0,1226.0,1238.0,35.2025,0.41250000000000003,0.18083333333333332,0.02333333333333333
152,2025-02-07,Brooklyn,1295,4.351351351351352,1,8,363,4,0,0,1250.0,1261.0,35.36,0.0,0.0,0.02
153,2025-02-08,Brooklyn,1164,4.305841924398625,1,8,296,5,1,0,1295.0,1104.0,29.060000000000002,0.24583333333333335,0.16333333333333333,0.017499999999999998
154,2025-02-09,Brooklyn,1064,4.2218045112781954,1,8,239,6,1,0,1164.0,1042.0,32.48,0.2625,0.04958333333333333,0.0625
155,2025-02-10,Brooklyn,1280,4.2171875,1,8,323,0,0,0,1064.0,1331.0,28.715,0.0,0.0,0.06
156,2025-02-11,Brooklyn,1238,4.265751211631664,1,8,317,1,0,0,1280.0,1214.0,25.1825,0.075,0.0525,0.05625
157,2025-02-12,Brooklyn,1117,4.343777976723366,1,8,303,2,0,0,1238.0,1226.0,31.3925,0.19999999999999998,0.14,0.0775
158,2025-02-13,Brooklyn,1237,4.385610347615198,1,8,360,3,0,0,1117.0,1250.0,40.055,0.26666666666666666,0.002916666666666667,0.05375
159,2025-02-14,Brooklyn,1188,4.303030303030303,1,8,300,4,0,0,1237.0,1295.0,30.545,0.0,0.0,0.03
160,2025-02-15,Brooklyn,1099,4.1901728844404005,1,8,265,5,1,0,1188.0,1164.0,30.845,0.30416666666666664,0.07875,0.033749999999999995
161,2025-02-16,Brooklyn,1076,4.268587360594796,1,8,282,6,1,0,1099.0,1064.0,39.4475,1.3583333333333334,0.0,0.03208333333333333
162,2025-02-17,Brooklyn,1066,4.289868667917449,1,8,291,0,0,1,1076.0,1280.0,29.6525,0.0,0.0,0.01
163,2025-02-18,Brooklyn,1133,4.199470432480141,1,8,281,1,0,0,1066.0,1238.0,22.895,0.0,0.0,0.01
164,2025-02-19,Brooklyn,1138,4.324253075571177,1,8,319,2,0,0,1133.0,1117.0,23.03,0.0,0.0,0.01
165,2025-02-20,Brooklyn,1097,4.276207839562443,1,8,275,3,0,0,1138.0,1237.0,23.465,0.041666666666666664,0.02916666666666667,0.01
166,2025-02-21,Brooklyn,1141,4.299737072743207,1,8,298,4,0,0,1097.0,1188.0,25.084999999999997,0.0,0.0,0.01
167,2025-02-22,Brooklyn,1115,4.280717488789238,1,8,265,5,1,0,1141.0,1099.0,28.0625,0.0,0.0,0.01
168,2025-02-23,Brooklyn,1125,4.1946666666666665,1,8,277,6,1,0,1115.0,1076.0,36.65,0.0,0.0,0.01
169,2025-02-24,Brooklyn,1186,4.2158516020236085,1,8,290,0,0,0,1125.0,1066.0,38.097500000000004,0.0,0.0,0.005
170,2025-02-25,Brooklyn,1249,4.269015212169736,1,8,315,1,0,0,1186.0,1133.0,44.465,0.0,0.0,0.0
171,2025-02-26,Brooklyn,1172,4.336177474402731,1,8,303,2,0,0,1249.0,1138.0,45.807500000000005,0.012499999999999999,0.0,0.0
172,2025-02-27,Brooklyn,1198,4.191151919866444,1,8,300,3,0,0,1172.0,1097.0,47.9975,0.125,0.0,0.0
173,2025-02-28,Brooklyn,1210,4.093388429752066,1,8,249,4,0,0,1198.0,1141.0,43.415,0.0,0.0,0.0
174,2025-03-01,Brooklyn,1128,4.298758865248227,1,7,274,5,1,0,1210.0,1115.0,45.379999999999995,0.0,0.0,0.0
175,2025-03-02,Brooklyn,1086,4.212707182320442,1,8,273,6,1,0,1128.0,1125.0,26.09,0.0,0.0,0.0
176,2025-03-03,Brooklyn,1215,4.253497942386831,1,8,321,0,0,0,1086.0,1186.0,29.209999999999997,0.0,0.0,0.0
177,2025-03-04,Brooklyn,1120,4.3375,1,8,310,1,0,0,1215.0,1249.0,40.0175,0.0,0.0,0.0
178,2025-03-05,Brooklyn,1139,4.314310798946444,1,8,311,2,0,0,1120.0,1172.0,48.965,1.45,0.0,0.0
179,2025-03-06,Brooklyn,1146,4.319371727748691,1,8,311,3,0,0,1139.0,1198.0,49.317499999999995,0.2708333333333333,0.0,0.0
180,2025-03-07,Brooklyn,1239,4.331719128329298,1,8,325,4,0,0,1146.0,1210.0,39.2975,0.0,0.0,0.0
181,2025-03-08,Brooklyn,1113,4.160826594788859,1,8,264,5,1,0,1239.0,1128.0,38.997499999999995,0.0,0.0,0.0
182,2025-03-09,Brooklyn,1022,4.263209393346379,1,7,256,6,1,0,1113.0,1086.0,39.29,0.004166666666666667,0.0,0.0
183,2025-03-10,Brooklyn,1296,4.199074074074074,1,8,314,0,0,0,1022.0,1215.0,47.975,0.0,0.0,0.0
184,2025-03-11,Brooklyn,1257,4.334128878281623,1,8,353,1,0,0,1296.0,1120.0,48.169999999999995,0.0,0.0,0.0
185,2025-03-12,Brooklyn,1174,4.26320272572402,1,8,313,2,0,0,1257.0,1139.0,45.245,0.0,0.0,0.0
186,2025-03-13,Brooklyn,1218,4.376026272577997,1,8,340,3,0,0,1174.0,1146.0,42.237500000000004,0.0,0.0,0.0
187,2025-03-14,Brooklyn,1245,4.254618473895582,1,8,307,4,0,0,1218.0,1239.0,42.26,0.0,0.0,0.0
188,2025-03-15,Brooklyn,1070,4.28411214953271,1,8,259,5,1,0,1245.0,1113.0,43.415,0.025000000000000005,0.0,0.0
189,2025-03-16,Brooklyn,1045,4.354066985645933,1,7,266,6,1,0,1070.0,1022.0,52.52,0.5750000000000001,0.0,0.0
190,2025-03-17,Brooklyn,1178,4.209677419354839,1,8,293,0,0,0,1045.0,1296.0,52.94,1.3625,0.0,0.0
191,2025-03-18,Brooklyn,1196,4.369565217391305,1,8,316,1,0,0,1178.0,1257.0,44.12,0.0,0.0,0.0
192,2025-03-19,Brooklyn,1238,4.222940226171244,1,7,293,2,0,0,1196.0,1174.0,45.8975,0.0,0.0,0.0
193,2025-03-20,Brooklyn,1187,4.28390901432182,1,8,309,3,0,0,1238.0,1218.0,45.245,0.375,0.0,0.0
194,2025-03-21,Brooklyn,1214,4.309719934102142,1,7,313,4,0,0,1187.0,1245.0,43.88,0.21250000000000002,0.0,0.0
195,2025-03-22,Brooklyn,1159,4.174288179465056,1,7,271,5,1,0,1214.0,1070.0,47.3225,0.004166666666666667,0.0,0.0
196,2025-03-23,Brooklyn,1093,4.330283623055809,1,8,293,6,1,0,1159.0,1045.0,37.5725,0.0,0.0,0.0
197,2025-03-24,Brooklyn,1095,4.298630136986302,1,8,271,0,0,0,1093.0,1178.0,45.1475,0.6375000000000001,0.0,0.0
198,2025-03-25,Brooklyn,1185,4.19915611814346,1,8,296,1,0,0,1095.0,1196.0,49.1675,0.0,0.0,0.0
199,2025-03-26,Brooklyn,1113,4.283917340521114,1,8,283,2,0,0,1185.0,1238.0,43.23500000000001,0.004166666666666667,0.0,0.0
200,2025-03-27,Brooklyn,1197,4.2823725981620715,1,8,285,3,0,0,1113.0,1187.0,40.655,0.0,0.0,0.0
201,2025-03-28,Brooklyn,1177,4.222599830076466,1,8,267,4,0,0,1197.0,1214.0,49.2575,0.008333333333333333,0.0,0.0
202,2025-03-29,Brooklyn,1248,4.230769230769231,1,8,277,5,1,0,1177.0,1159.0,61.175000000000004,0.18333333333333335,0.0,0.0
203,2025-03-30,Brooklyn,1067,4.275538894095595,1,8,274,6,1,0,1248.0,1093.0,46.475,0.004166666666666667,0.0,0.0
204,2025-03-31,Brooklyn,1270,4.25984251968504,1,8,316,0,0,0,1067.0,1095.0,59.0075,0.9666666666666667,0.0,0.0
205,2025-04-01,Brooklyn,1176,4.2729591836734695,1,8,285,1,0,0,1270.0,1185.0,48.3425,0.3125,0.0,0.0
206,2025-04-02,Brooklyn,1210,4.283471074380166,1,8,313,2,0,0,1176.0,1113.0,40.3175,0.0,0.0,0.0
207,2025-04-03,Brooklyn,1257,4.290373906125696,1,8,308,3,0,0,1210.0,1197.0,59.81,0.125,0.0,0.0
208,2025-04-04,Brooklyn,1181,4.22692633361558,1,8,282,4,0,0,1257.0,1177.0,64.05499999999999,0.4375,0.0,0.0
209,2025-04-05,Brooklyn,1073,4.385834109972041,1,7,309,5,1,0,1181.0,1248.0,48.88999999999999,0.21666666666666667,0.0,0.0
210,2025-04-06,Brooklyn,1103,4.295557570262919,1,8,278,6,1,0,1073.0,1067.0,49.94,0.17916666666666667,0.0,0.0
211,2025-04-07,Brooklyn,1142,4.186514886164623,1,8,277,0,0,0,1103.0,1270.0,43.4975,0.39999999999999997,0.0,0.0
212,2025-04-08,Brooklyn,1166,4.198970840480275,1,8,287,1,0,0,1142.0,1176.0,40.4825,0.0,0.0,0.0
213,2025-04-09,Brooklyn,1139,4.302019315188762,1,8,283,2,0,0,1166.0,1210.0,37.722500000000004,0.0,0.0,0.0
214,2025-04-10,Brooklyn,1159,4.374460742018982,1,8,320,3,0,0,1139.0,1257.0,41.6975,0.025000000000000005,0.0,0.0
215,2025-04-11,Brooklyn,1246,4.218298555377207,1,7,303,4,0,0,1159.0,1181.0,43.25,0.4916666666666667,0.0,0.0
216,2025-04-12,Brooklyn,1155,4.1688311688311686,1,8,258,5,1,0,1246.0,1073.0,39.185,0.7458333333333332,0.05541666666666667,0.0
217,2025-04-13,Brooklyn,1139,4.242317822651449,1,8,290,6,1,0,1155.0,1103.0,47.84,0.008333333333333333,0.0,0.0
218,2025-04-14,Brooklyn,1209,4.309346567411083,1,8,318,0,0,0,1139.0,1142.0,50.6525,0.0,0.0,0.0
219,2025-04-15,Brooklyn,1141,4.34706397896582,1,8,324,1,0,0,1209.0,1166.0,55.887499999999996,0.3083333333333333,0.0,0.0
220,2025-04-16,Brooklyn,1101,4.35149863760218,1,8,300,2,0,0,1141.0,1139.0,46.1525,0.0,0.0,0.0
221,2025-04-17,Brooklyn,1170,4.295726495726496,1,8,317,3,0,0,1101.0,1159.0,49.737500000000004,0.0,0.0,0.0
222,2025-04-18,Brooklyn,1127,4.159716060337178,1,8,262,4,0,0,1170.0,1246.0,53.0225,0.004166666666666667,0.0,0.0
223,2025-04-19,Brooklyn,1212,4.134488448844884,1,7,264,5,1,0,1127.0,1155.0,71.24,0.03333333333333333,0.0,0.0
224,2025-04-20,Brooklyn,1142,4.149737302977233,1,8,248,6,1,0,1212.0,1139.0,63.0725,0.0,0.0,0.0
225,2025-04-21,Brooklyn,1191,4.193954659949622,1,9,282,0,0,0,1142.0,1209.0,51.395,0.012500000000000002,0.0,0.0
226,2025-04-22,Brooklyn,1256,4.189490445859873,1,8,295,1,0,0,1191.0,1141.0,65.11999999999999,0.004166666666666667,0.0,0.0
227,2025-04-23,Brooklyn,1269,4.200157604412923,1,8,309,2,0,0,1256.0,1101.0,62.6225,0.0,0.0,0.0
228,2025-04-24,Brooklyn,1324,4.246223564954683,1,8,336,3,0,0,1269.0,1170.0,65.06750000000001,0.0,0.0,0.0
229,2025-04-25,Brooklyn,1188,4.225589225589226,1,8,286,4,0,0,1324.0,1127.0,64.05499999999999,0.0,0.0,0.0
230,2025-01-01,Manhattan,1049,4.17349857006673,1,8,205,2,0,1,1012.6228070175439,1009.3796296296297,44.9075,0.19999999999999998,0.0,0.0
231,2025-01-02,Manhattan,1004,4.183266932270916,1,8,254,3,0,0,1049.0,1009.3796296296297,36.5825,0.0,0.0,0.0
232,2025-01-03,Manhattan,1039,4.178055822906641,1,8,254,4,0,0,1004.0,1009.3796296296297,32.637499999999996,0.0,0.0,0.0
233,2025-01-04,Manhattan,1021,4.289911851126346,1,8,264,5,1,0,1039.0,1009.3796296296297,29.315,0.0,0.0,0.0
234,2025-01-05,Manhattan,857,4.400233372228705,1,7,223,6,1,0,1021.0,1009.3796296296297,28.0325,0.0,0.0,0.0
235,2025-01-06,Manhattan,1037,4.33847637415622,1,8,268,0,0,0,857.0,1009.3796296296297,27.6125,0.06666666666666667,0.04666666666666666,0.007916666666666667
236,2025-01-07,Manhattan,1081,4.1979648473635525,1,8,255,1,0,0,1037.0,1009.3796296296297,22.497500000000002,0.0,0.0,0.012499999999999999
237,2025-01-08,Manhattan,998,4.229458917835672,1,8,256,2,0,0,1081.0,1049.0,24.1925,0.0,0.0,0.01
238,2025-01-09,Manhattan,1060,4.19811320754717,1,8,238,3,0,0,998.0,1004.0,24.4325,0.0,0.0,0.01
239,2025-01-10,Manhattan,1031,4.214354995150339,1,8,254,4,0,0,1060.0,1039.0,30.47,0.0,0.0,0.01
240,2025-01-11,Manhattan,1006,4.242544731610338,1,8,239,5,1,0,1031.0,1021.0,29.66,0.07916666666666666,0.05541666666666667,0.017499999999999998
241,2025-01-12,Manhattan,928,4.341594827586207,1,8,243,6,1,0,1006.0,857.0,32.7425,0.0,0.0,0.02
242,2025-01-13,Manhattan,1049,4.244041944709247,1,8,272,0,0,0,928.0,1037.0,33.935,0.0,0.0,0.01625
243,2025-01-14,Manhattan,1024,4.2841796875,1,8,270,1,0,0,1049.0,1081.0,28.6775,0.0,0.0,0.01
244,2025-01-15,Manhattan,1031,4.240543161978661,1,8,266,2,0,0,1024.0,998.0,25.685000000000002,0.0,0.0,0.01
245,2025-01-16,Manhattan,1063,4.303857008466604,1,8,292,3,0,0,1031.0,1060.0,26.24,0.016666666666666666,0.011666666666666667,0.01
246,2025-01-17,Manhattan,1157,4.375108038029387,1,8,326,4,0,0,1063.0,1031.0,30.882499999999997,0.0,0.0,0.01
247,2025-01-18,Manhattan,979,4.157303370786517,1,8,227,5,1,0,1157.0,1006.0,36.7475,0.09166666666666667,0.0,0.01
248,2025-01-19,Manhattan,953,4.253934942287513,1,8,239,6,1,0,979.0,928.0,32.855,0.35000000000000003,0.2304166666666667,0.015833333333333335
249,2025-01-20,Manhattan,972,4.332304526748971,1,8,240,0,0,1,953.0,1049.0,19.1675,0.008333333333333333,0.005833333333333334,0.05000000000000001
250,2025-01-21,Manhattan,1142,4.260070052539405,1,8,274,1,0,0,972.0,1024.0,11.667499999999999,0.012500000000000002,0.00875,0.05000000000000001
251,2025-01-22,Manhattan,977,4.3193449334698055,1,8,233,2,0,0,1142.0,1031.0,10.895000000000001,0.0,0.0,0.05000000000000001
252,2025-01-23,Manhattan,1097,4.325432999088423,1,8,306,3,0,0,977.0,1063.0,16.73,0.0,0.0,0.05000000000000001
253,2025-01-24,Manhattan,1068,4.27621722846442,1,8,277,4,0,0,1097.0,1157.0,21.26,0.0,0.0,0.05000000000000001
254,2025-01-25,Manhattan,928,4.3405172413793105,1,8,247,5,1,0,1068.0,979.0,19.7375,0.0,0.0,0.04666666666666667
255,2025-01-26,Manhattan,879,4.2093287827076225,1,8,213,6,1,0,928.0,953.0,30.02,0.0,0.0,0.04
256,2025-01-27,Manhattan,1054,4.227703984819734,1,8,273,0,0,0,879.0,972.0,29.5175,0.0,0.0,0.04
257,2025-01-28,Manhattan,1087,4.233670653173873,1,8,274,1,0,0,1054.0,1142.0,32.555,0.0,0.0,0.035416666666666666
258,2025-01-29,Manhattan,1005,4.216915422885572,1,8,253,2,0,0,1087.0,977.0,38.6675,0.0,0.0,0.02625
259,2025-01-30,Manhattan,1034,4.286266924564797,1,8,276,3,0,0,1005.0,1097.0,27.95,0.0,0.0,0.02
260,2025-01-31,Manhattan,996,4.243975903614458,1,8,239,4,0,0,1034.0,1068.0,37.2275,0.3458333333333334,0.0,0.01875
261,2025-02-01,Manhattan,1015,4.211822660098522,1,8,251,5,1,0,996.0,928.0,32.42,0.07083333333333333,0.0,0.01
262,2025-02-02,Manhattan,898,4.304008908685969,1,8,227,6,1,0,1015.0,879.0,23.037499999999998,0.08333333333333333,0.05833333333333333,0.011250000000000001
263,2025-02-03,Manhattan,1094,4.151736745886654,1,8,271,0,0,0,898.0,1054.0,34.887499999999996,0.008333333333333333,0.005833333333333334,0.034583333333333334
264,2025-02-04,Manhattan,1040,4.2451923076923075,1,8,264,1,0,0,1094.0,1087.0,38.0225,0.0,0.0,0.02125
265,2025-02-05,Manhattan,1140,4.299122807017544,1,8,319,2,0,0,1040.0,1005.0,29.135,0.0,0.0,0.02
266,2025-02-06,Manhattan,1002,4.395209580838324,1,8,280,3,0,0,1140.0,1034.0,33.005,0.4041666666666666,0.17208333333333334,0.035833333333333335
267,2025-02-07,Manhattan,984,4.2022357723577235,1,8,227,4,0,0,1002.0,996.0,33.800000000000004,0.0,0.0,0.034999999999999996
268,2025-02-08,Manhattan,943,4.234358430540827,1,8,225,5,1,0,984.0,1015.0,28.3325,0.25833333333333336,0.17500000000000002,0.03125
269,2025-02-09,Manhattan,858,4.32051282051282,1,8,224,6,1,0,943.0,898.0,31.429999999999996,0.2625,0.09625,0.09208333333333334
270,2025-02-10,Manhattan,1084,4.191881918819188,1,8,270,0,0,0,858.0,1094.0,27.26,0.0,0.0,0.09000000000000001
271,2025-02-11,Manhattan,972,4.359053497942387,1,8,259,1,0,0,1084.0,1040.0,23.6375,0.04583333333333334,0.03208333333333333,0.08750000000000001
272,2025-02-12,Manhattan,966,4.251552795031056,1,8,252,2,0,0,972.0,1140.0,30.5525,0.1875,0.13125,0.10541666666666667
273,2025-02-13,Manhattan,1073,4.362534948741845,1,8,317,3,0,0,966.0,1002.0,37.002500000000005,0.25833333333333336,0.005833333333333334,0.09083333333333334
274,2025-02-14,Manhattan,986,4.336713995943205,1,8,250,4,0,0,1073.0,984.0,29.060000000000002,0.0,0.0,0.06
275,2025-02-15,Manhattan,973,4.290853031860226,1,8,233,5,1,0,986.0,943.0,29.8025,0.27499999999999997,0.09916666666666667,0.065
276,2025-02-16,Manhattan,903,4.333333333333333,1,8,240,6,1,0,973.0,858.0,36.305,0.875,0.0,0.06875
277,2025-02-17,Manhattan,894,4.334451901565996,1,8,238,0,0,1,903.0,1084.0,29.0975,0.0,0.0,0.03791666666666667
278,2025-02-18,Manhattan,1065,4.267605633802817,1,8,272,1,0,0,894.0,972.0,22.055000000000003,0.0,0.0,0.03
279,2025-02-19,Manhattan,952,4.274159663865547,1,8,242,2,0,0,1065.0,966.0,22.3025,0.0,0.0,0.03
280,2025-02-20,Manhattan,998,4.342685370741483,1,8,260,3,0,0,952.0,1073.0,22.88,0.0375,0.026250000000000006,0.030833333333333334
281,2025-02-21,Manhattan,978,4.3496932515337425,1,8,260,4,0,0,998.0,986.0,24.545,0.0,0.0,0.035833333333333335
282,2025-02-22,Manhattan,934,4.290149892933619,1,8,228,5,1,0,978.0,973.0,27.95,0.0,0.0,0.03
283,2025-02-23,Manhattan,868,4.23963133640553,1,8,212,6,1,0,934.0,903.0,36.125,0.0,0.0,0.02625
284,2025-02-24,Manhattan,1013,4.2398815399802565,1,8,249,0,0,0,868.0,894.0,37.82,0.0,0.0,0.01625
285,2025-02-25,Manhattan,1067,4.288659793814433,1,8,272,1,0,0,1013.0,1065.0,44.285,0.0,0.0,0.01
286,2025-02-26,Manhattan,1099,4.309372156505915,1,8,297,2,0,0,1067.0,952.0,43.82749999999999,0.004166666666666667,0.0,0.005
287,2025-02-27,Manhattan,1089,4.325987144168963,1,8,299,3,0,0,1099.0,998.0,46.2125,0.08333333333333333,0.0,0.0
288,2025-02-28,Manhattan,1098,4.226775956284153,1,8,266,4,0,0,1089.0,978.0,42.3275,0.0,0.0,0.0
289,2025-03-01,Manhattan,930,4.280645161290322,1,8,222,5,1,0,1098.0,934.0,43.550000000000004,0.0,0.0,0.0
290,2025-03-02,Manhattan,848,4.212264150943396,1,8,185,6,1,0,930.0,868.0,25.1975,0.0,0.0,0.0
291,2025-03-03,Manhattan,938,4.285714285714286,1,8,244,0,0,0,848.0,1013.0,28.8875,0.0,0.0,0.0
292,2025-03-04,Manhattan,977,4.263050153531218,1,8,259,1,0,0,938.0,1067.0,39.8225,0.0,0.0,0.0
293,2025-03-05,Manhattan,1038,4.3227360308285165,1,8,282,2,0,0,977.0,1099.0,48.9425,1.5916666666666668,0.0,0.0
294,2025-03-06,Manhattan,1019,4.30225711481845,1,8,258,3,0,0,1038.0,1089.0,48.8975,0.1375,0.0,0.0
295,2025-03-07,Manhattan,1111,4.297929792979298,1,8,266,4,0,0,1019.0,1098.0,38.112500000000004,0.0,0.0,0.0
296,2025-03-08,Manhattan,916,4.283842794759825,1,8,218,5,1,0,1111.0,930.0,37.955,0.0,0.0,0.0
297,2025-03-09,Manhattan,850,4.33764705882353,1,8,220,6,1,0,916.0,848.0,38.2925,0.0,0.0,0.0
298,2025-03-10,Manhattan,1057,4.2961210974456,1,8,275,0,0,0,850.0,938.0,48.8825,0.0,0.0,0.0
299,2025-03-11,Manhattan,1085,4.35852534562212,1,8,304,1,0,0,1057.0,977.0,48.88999999999999,0.0,0.0,0.0
300,2025-03-12,Manhattan,1059,4.281397544853635,1,8,269,2,0,0,1085.0,1038.0,45.199999999999996,0.0,0.0,0.0
301,2025-03-13,Manhattan,1093,4.303751143641354,1,8,304,3,0,0,1059.0,1019.0,41.585,0.0,0.0,0.0
302,2025-03-14,Manhattan,1066,4.3123827392120075,1,8,287,4,0,0,1093.0,1111.0,42.6425,0.0,0.0,0.0
303,2025-03-15,Manhattan,951,4.3385909568874865,1,8,236,5,1,0,1066.0,916.0,43.715,0.020833333333333332,0.0,0.0
304,2025-03-16,Manhattan,926,4.228941684665227,1,8,215,6,1,0,951.0,850.0,54.2525,0.02916666666666667,0.0,0.0
305,2025-03-17,Manhattan,1044,4.345785440613027,1,8,263,0,0,0,926.0,1057.0,52.4675,1.1083333333333334,0.0,0.0
306,2025-03-18,Manhattan,986,4.3681541582150105,1,8,266,1,0,0,1044.0,1085.0,44.0825,0.0,0.0,0.0
307,2025-03-19,Manhattan,1065,4.228169014084507,1,8,260,2,0,0,986.0,1059.0,46.4975,0.0,0.0,0.0
308,2025-03-20,Manhattan,997,4.280842527582748,1,8,254,3,0,0,1065.0,1093.0,45.995,0.4458333333333333,0.0,0.0
309,2025-03-21,Manhattan,997,4.367101303911735,1,8,275,4,0,0,997.0,1066.0,43.3475,0.33749999999999997,0.0,0.0
310,2025-03-22,Manhattan,986,4.3154158215010145,1,8,263,5,1,0,997.0,951.0,46.3325,0.004166666666666667,0.0,0.0
311,2025-03-23,Manhattan,953,4.214060860440713,1,8,226,6,1,0,986.0,926.0,37.1675,0.0,0.0,0.0
312,2025-03-24,Manhattan,993,4.2134944612286,1,8,251,0,0,0,953.0,1044.0,44.1275,0.5416666666666666,0.0,0.0
313,2025-03-25,Manhattan,1009,4.2279484638255695,1,8,256,1,0,0,993.0,986.0,48.23,0.0,0.0,0.0
314,2025-03-26,Manhattan,970,4.282474226804124,1,8,238,2,0,0,1009.0,1065.0,42.214999999999996,0.004166666666666667,0.0,0.0
315,2025-03-27,Manhattan,996,4.330321285140562,1,8,255,3,0,0,970.0,997.0,39.815,0.0,0.0,0.0
316,2025-03-28,Manhattan,1041,4.266090297790586,1,8,256,4,0,0,996.0,997.0,49.4975,0.016666666666666666,0.0,0.0
317,2025-03-29,Manhattan,1037,4.213114754098361,1,8,262,5,1,0,1041.0,986.0,59.682500000000005,0.19999999999999998,0.0,0.0
318,2025-03-30,Manhattan,889,4.328458942632171,1,8,232,6,1,0,1037.0,953.0,46.8725,0.012500000000000002,0.0,0.0
319,2025-03-31,Manhattan,1003,4.225324027916251,1,8,270,0,0,0,889.0,993.0,60.77,1.4958333333333333,0.0,0.0
320,2025-04-01,Manhattan,978,4.186094069529652,1,8,245,1,0,0,1003.0,1009.0,47.3375,0.2791666666666667,0.0,0.0
321,2025-04-02,Manhattan,1056,4.273674242424242,1,8,273,2,0,0,978.0,970.0,39.98,0.0,0.0,0.0
322,2025-04-03,Manhattan,1093,4.158279963403476,1,8,257,3,0,0,1056.0,996.0,58.37,0.12083333333333333,0.0,0.0
323,2025-04-04,Manhattan,1202,4.252911813643927,1,8,296,4,0,0,1093.0,1041.0,62.7275,0.2875,0.0,0.0
324,2025-04-05,Manhattan,1033,4.312681510164569,1,8,269,5,1,0,1202.0,1037.0,48.620000000000005,0.1375,0.0,0.0
325,2025-04-06,Manhattan,902,4.211751662971175,1,7,223,6,1,0,1033.0,889.0,49.26499999999999,0.18333333333333335,0.0,0.0
326,2025-04-07,Manhattan,985,4.206091370558376,1,8,249,0,0,0,902.0,1003.0,42.3275,0.33749999999999997,0.0,0.0
327,2025-04-08,Manhattan,1032,4.2936046511627906,1,8,279,1,0,0,985.0,978.0,39.6875,0.0,0.0,0.0
328,2025-04-09,Manhattan,1074,4.391061452513966,1,8,288,2,0,0,1032.0,1056.0,37.355,0.0,0.0,0.0
329,2025-04-10,Manhattan,1031,4.290979631425801,1,8,268,3,0,0,1074.0,1093.0,41.06,0.02916666666666667,0.0,0.0
330,2025-04-11,Manhattan,989,4.268958543983822,1,8,244,4,0,0,1031.0,1202.0,41.660000000000004,0.45,0.002916666666666667,0.0
331,2025-04-12,Manhattan,969,4.304437564499484,1,8,229,5,1,0,989.0,1033.0,38.7275,0.7124999999999999,0.06416666666666666,0.007916666666666667
332,2025-04-13,Manhattan,942,4.254777070063694,1,7,246,6,1,0,969.0,902.0,47.57,0.0,0.0,0.0020833333333333333
333,2025-04-14,Manhattan,1079,4.347544022242817,1,8,318,0,0,0,942.0,985.0,50.8025,0.0,0.0,0.0
334,2025-04-15,Manhattan,1040,4.243269230769231,1,8,278,1,0,0,1079.0,1032.0,55.535,0.08750000000000001,0.0,0.0
335,2025-04-16,Manhattan,1046,4.283938814531549,1,8,268,2,0,0,1040.0,1074.0,45.2825,0.0,0.0,0.0
336,2025-04-17,Manhattan,1044,4.227011494252873,1,8,280,3,0,0,1046.0,1031.0,48.13999999999999,0.0,0.0,0.0
337,2025-04-18,Manhattan,1096,4.242700729927007,1,8,279,4,0,0,1044.0,989.0,52.504999999999995,0.0,0.0,0.0
338,2025-04-19,Manhattan,1076,4.149628252788104,1,8,248,5,1,0,1096.0,969.0,68.225,0.024999999999999998,0.0,0.0
339,2025-04-20,Manhattan,987,4.219858156028369,1,8,231,6,1,0,1076.0,942.0,59.555,0.0,0.0,0.0
340,2025-04-21,Manhattan,993,4.2980866062437055,1,8,279,0,0,0,987.0,1079.0,50.142500000000005,0.012499999999999999,0.0,0.0
341,2025-04-22,Manhattan,1121,4.260481712756468,1,8,290,1,0,0,993.0,1040.0,63.762499999999996,0.004166666666666667,0.0,0.0
342,2025-04-23,Manhattan,1119,4.397676496872207,1,8,308,2,0,0,1121.0,1046.0,62.435,0.0,0.0,0.0
343,2025-04-24,Manhattan,1130,4.170796460176991,1,8,273,3,0,0,1119.0,1044.0,66.3875,0.0,0.0,0.0
344,2025-04-25,Manhattan,1003,4.2771684945164505,1,8,260,4,0,0,1130.0,1096.0,66.53750000000001,0.0,0.0,0.0
345,2025-01-01,Queens,890,4.196629213483146,1,8,187,2,0,1,848.4298245614035,847.3703703703703,45.919999999999995,0.3125,0.0,0.0
346,2025-01-02,Queens,892,4.193946188340807,1,8,237,3,0,0,890.0,847.3703703703703,36.74,0.0,0.0,0.0
347,2025-01-03,Queens,922,4.155097613882863,1,8,200,4,0,0,892.0,847.3703703703703,32.57,0.0,0.0,0.0
348,2025-01-04,Queens,832,4.1514423076923075,1,8,182,5,1,0,922.0,847.3703703703703,29.367500000000003,0.0,0.0,0.0
349,2025-01-05,Queens,768,4.196614583333333,1,8,184,6,1,0,832.0,847.3703703703703,28.115,0.0,0.0,0.0
350,2025-01-06,Queens,944,4.241525423728813,1,8,231,0,0,0,768.0,847.3703703703703,27.74,0.0625,0.043750000000000004,0.007916666666666667
351,2025-01-07,Queens,885,4.255367231638418,1,8,222,1,0,0,944.0,847.3703703703703,22.6775,0.0,0.0,0.012916666666666667
352,2025-01-08,Queens,872,4.121559633027523,1,8,194,2,0,0,885.0,890.0,24.4175,0.0,0.0,0.01
353,2025-01-09,Queens,894,4.087248322147651,1,8,185,3,0,0,872.0,892.0,24.680000000000003,0.0,0.0,0.01
354,2025-01-10,Queens,930,4.165591397849463,1,8,220,4,0,0,894.0,922.0,30.95,0.0,0.0,0.01
355,2025-01-11,Queens,888,4.2308558558558556,1,8,201,5,1,0,930.0,832.0,29.915000000000003,0.075,0.0525,0.017083333333333336
356,2025-01-12,Queens,856,4.155373831775701,1,8,194,6,1,0,888.0,768.0,32.525,0.0,0.0,0.02
357,2025-01-13,Queens,940,4.261702127659574,1,8,221,0,0,0,856.0,944.0,34.2725,0.0,0.0,0.015833333333333335
358,2025-01-14,Queens,928,4.197198275862069,1,8,220,1,0,0,940.0,885.0,28.985,0.0,0.0,0.01
359,2025-01-15,Queens,896,4.171875,1,8,203,2,0,0,928.0,872.0,25.9325,0.0,0.0,0.01
360,2025-01-16,Queens,879,4.25028441410694,1,8,224,3,0,0,896.0,894.0,26.465,0.016666666666666666,0.011666666666666667,0.01
361,2025-01-17,Queens,980,4.259183673469388,1,8,254,4,0,0,879.0,930.0,30.5975,0.0,0.0,0.01
362,2025-01-18,Queens,905,4.226519337016574,1,8,214,5,1,0,980.0,888.0,39.17,0.10416666666666667,0.0,0.01
363,2025-01-19,Queens,874,4.196796338672769,1,8,191,6,1,0,905.0,856.0,33.4475,0.26666666666666666,0.18666666666666668,0.011666666666666667
364,2025-01-20,Queens,836,4.220095693779904,1,8,189,0,0,1,874.0,940.0,19.3475,0.004166666666666667,0.002916666666666667,0.04
365,2025-01-21,Queens,914,4.078774617067833,1,8,204,1,0,0,836.0,928.0,11.667499999999999,0.020833333333333332,0.014583333333333335,0.04
366,2025-01-22,Queens,839,4.205005959475566,1,8,203,2,0,0,914.0,896.0,11.42,0.0,0.0,0.04
367,2025-01-23,Queens,854,4.285714285714286,1,8,218,3,0,0,839.0,879.0,16.5425,0.0,0.0,0.04
368,2025-01-24,Queens,883,4.190260475651189,1,8,201,4,0,0,854.0,980.0,20.720000000000002,0.0,0.0,0.04
369,2025-01-25,Queens,825,4.212121212121212,1,8,191,5,1,0,883.0,905.0,20.4725,0.0,0.0,0.03625
370,2025-01-26,Queens,813,4.249692496924969,1,7,187,6,1,0,825.0,874.0,30.747500000000002,0.0,0.0,0.03
371,2025-01-27,Queens,872,4.307339449541284,1,8,220,0,0,0,813.0,836.0,29.900000000000002,0.0,0.0,0.03
372,2025-01-28,Queens,855,4.237426900584795,1,8,198,1,0,0,872.0,914.0,33.012499999999996,0.0,0.0,0.024583333333333332
373,2025-01-29,Queens,817,4.268053855569155,1,8,202,2,0,0,855.0,839.0,40.0625,0.004166666666666667,0.0,0.01625
374,2025-01-30,Queens,810,4.206172839506173,1,8,186,3,0,0,817.0,854.0,28.602500000000003,0.0,0.0,0.01
375,2025-01-31,Queens,892,4.144618834080718,1,8,192,4,0,0,810.0,883.0,40.4375,0.37916666666666665,0.0,0.009583333333333334
376,2025-02-01,Queens,816,4.241421568627451,1,8,202,5,1,0,892.0,825.0,33.545,0.1625,0.0,0.0
377,2025-02-02,Queens,753,4.254980079681275,1,8,189,6,1,0,816.0,813.0,24.7775,0.07916666666666666,0.0525,0.00125
378,2025-02-03,Queens,977,4.181166837256909,1,8,240,0,0,0,753.0,872.0,35.4575,0.05416666666666667,0.02625,0.01625
379,2025-02-04,Queens,933,4.214362272240086,1,9,230,1,0,0,977.0,855.0,39.1775,0.004166666666666667,0.0,0.006666666666666667
380,2025-02-05,Queens,827,4.105199516324062,1,8,186,2,0,0,933.0,817.0,29.397499999999997,0.0,0.0,0.0
381,2025-02-06,Queens,747,4.333333333333333,1,8,210,3,0,0,827.0,810.0,34.31,0.32083333333333336,0.105,0.01875
382,2025-02-07,Queens,883,4.263873159682899,1,8,198,4,0,0,747.0,892.0,34.8425,0.0,0.0,0.015833333333333335
383,2025-02-08,Queens,767,4.148631029986962,1,8,155,5,1,0,883.0,816.0,28.775000000000002,0.22083333333333333,0.15458333333333332,0.011250000000000001
384,2025-02-09,Queens,742,4.291105121293801,1,8,181,6,1,0,767.0,753.0,31.992499999999996,0.25833333333333336,0.09333333333333332,0.05875
385,2025-02-10,Queens,959,4.307612095933264,1,8,250,0,0,0,742.0,977.0,27.875,0.0,0.0,0.05541666666666667
386,2025-02-11,Queens,857,4.387397899649942,1,8,232,1,0,0,959.0,933.0,25.1075,0.075,0.0525,0.05000000000000001
387,2025-02-12,Queens,831,4.233453670276775,1,8,200,2,0,0,857.0,827.0,31.602500000000003,0.19999999999999998,0.13416666666666668,0.0775
388,2025-02-13,Queens,848,4.334905660377358,1,8,229,3,0,0,831.0,747.0,39.335,0.25416666666666665,0.005833333333333334,0.04666666666666667
389,2025-02-14,Queens,896,4.313616071428571,1,8,225,4,0,0,848.0,883.0,30.132499999999997,0.0,0.0,0.02
390,2025-02-15,Queens,875,4.195428571428572,1,8,186,5,1,0,896.0,767.0,30.455,0.3,0.09333333333333332,0.024583333333333332
391,2025-02-16,Queens,836,4.29066985645933,1,8,209,6,1,0,875.0,742.0,39.62,1.3625,0.0,0.024583333333333332
392,2025-02-17,Queens,792,4.28030303030303,1,8,205,0,0,1,836.0,959.0,29.712500000000002,0.0,0.0,0.005
393,2025-02-18,Queens,808,4.258663366336633,1,8,213,1,0,0,792.0,857.0,22.655,0.0,0.0,0.0
394,2025-02-19,Queens,788,4.299492385786802,1,8,217,2,0,0,808.0,831.0,22.88,0.0,0.0,0.0
395,2025-02-20,Queens,824,4.268203883495145,1,8,216,3,0,0,788.0,848.0,23.39,0.041666666666666664,0.02916666666666667,0.0025
396,2025-02-21,Queens,816,4.259803921568627,1,8,213,4,0,0,824.0,896.0,25.1075,0.0,0.0,0.01
397,2025-02-22,Queens,752,4.118351063829787,1,8,172,5,1,0,816.0,875.0,27.755,0.0,0.0,0.01
398,2025-02-23,Queens,845,4.177514792899408,1,8,194,6,1,0,752.0,836.0,36.26,0.0,0.0,0.01
399,2025-02-24,Queens,837,4.2389486260454,1,8,199,0,0,0,845.0,792.0,37.85,0.0,0.0,0.004583333333333333
400,2025-02-25,Queens,925,4.298378378378378,1,8,229,1,0,0,837.0,808.0,43.879999999999995,0.0,0.0,0.0
401,2025-02-26,Queens,891,4.20314253647587,1,8,205,2,0,0,925.0,788.0,44.8025,0.016666666666666666,0.0,0.0
402,2025-02-27,Queens,902,4.271618625277162,1,8,233,3,0,0,891.0,824.0,47.76499999999999,0.1125,0.0,0.0
403,2025-02-28,Queens,822,4.085158150851582,1,8,169,4,0,0,902.0,816.0,43.3025,0.0,0.0,0.0
404,2025-03-01,Queens,810,4.1419753086419755,1,8,179,5,1,0,822.0,752.0,45.1325,0.004166666666666667,0.0,0.0
405,2025-03-02,Queens,768,4.178385416666667,1,7,164,6,1,0,810.0,845.0,25.444999999999997,0.0,0.0,0.0
406,2025-03-03,Queens,858,4.2972027972027975,1,8,224,0,0,0,768.0,837.0,28.985,0.0,0.0,0.0
407,2025-03-04,Queens,814,4.208845208845209,1,8,215,1,0,0,858.0,925.0,38.9675,0.0,0.0,0.0
408,2025-03-05,Queens,827,4.33857315598549,1,8,209,2,0,0,814.0,891.0,48.3125,1.3166666666666667,0.0,0.0
409,2025-03-06,Queens,834,4.243405275779376,1,8,194,3,0,0,827.0,902.0,49.4975,0.30416666666666664,0.0,0.0
410,2025-03-07,Queens,851,4.244418331374853,1,8,199,4,0,0,834.0,822.0,38.54,0.0,0.0,0.0
411,2025-03-08,Queens,794,4.1259445843828715,1,8,151,5,1,0,851.0,810.0,38.4425,0.0,0.0,0.0
412,2025-03-09,Queens,736,4.122282608695652,1,8,142,6,1,0,794.0,768.0,38.487500000000004,0.0,0.0,0.0
413,2025-03-10,Queens,931,4.258861439312567,1,8,224,0,0,0,736.0,858.0,47.195,0.0,0.0,0.0
414,2025-03-11,Queens,812,4.37192118226601,1,8,211,1,0,0,931.0,814.0,47.487500000000004,0.0,0.0,0.0
415,2025-03-12,Queens,848,4.240566037735849,1,8,210,2,0,0,812.0,827.0,44.975,0.0,0.0,0.0
416,2025-03-13,Queens,859,4.309662398137369,1,8,216,3,0,0,848.0,834.0,41.9825,0.0,0.0,0.0
417,2025-03-14,Queens,820,4.254878048780488,1,8,208,4,0,0,859.0,851.0,42.455,0.0,0.0,0.0
418,2025-03-15,Queens,843,4.246737841043891,1,8,200,5,1,0,820.0,794.0,43.535,0.020833333333333332,0.0,0.0
419,2025-03-16,Queens,806,4.142679900744417,1,8,179,6,1,0,843.0,736.0,52.107499999999995,0.6166666666666667,0.0,0.0
420,2025-03-17,Queens,862,4.274941995359629,1,8,214,0,0,0,806.0,931.0,52.43,1.1083333333333334,0.0,0.0
421,2025-03-18,Queens,878,4.247152619589977,1,8,210,1,0,0,862.0,812.0,43.8125,0.0,0.0,0.0
422,2025-03-19,Queens,863,4.253765932792584,1,8,220,2,0,0,878.0,848.0,46.01,0.0,0.0,0.0
423,2025-03-20,Queens,850,4.302352941176471,1,8,221,3,0,0,863.0,859.0,45.7175,0.26666666666666666,0.0,0.0
424,2025-03-21,Queens,927,4.237324703344121,1,8,227,4,0,0,850.0,820.0,43.73,0.2333333333333333,0.0,0.0
425,2025-03-22,Queens,867,4.288350634371396,1,8,214,5,1,0,927.0,843.0,46.4975,0.008333333333333333,0.0,0.0
426,2025-03-23,Queens,771,4.2075226977950715,1,7,179,6,1,0,867.0,806.0,37.055,0.0,0.0,0.0
427,2025-03-24,Queens,851,4.299647473560517,1,8,205,0,0,0,771.0,862.0,44.51,0.65,0.0,0.0
428,2025-03-25,Queens,849,4.459363957597173,1,8,226,1,0,0,851.0,878.0,48.845,0.0,0.0,0.0
429,2025-03-26,Queens,817,4.3549571603427175,1,8,223,2,0,0,849.0,863.0,42.8525,0.020833333333333332,0.0,0.0
430,2025-03-27,Queens,833,4.2749099639855945,1,8,214,3,0,0,817.0,850.0,39.8075,0.0,0.0,0.0
431,2025-03-28,Queens,826,4.325665859564165,1,8,219,4,0,0,833.0,927.0,48.455000000000005,0.03333333333333333,0.0,0.0
432,2025-03-29,Queens,843,4.177935943060498,1,8,183,5,1,0,826.0,867.0,60.065,0.325,0.0,0.0
433,2025-03-30,Queens,769,4.198959687906372,1,8,146,6,1,0,843.0,771.0,47.225,0.004166666666666667,0.0,0.0
434,2025-03-31,Queens,845,4.269822485207101,1,8,223,0,0,0,769.0,851.0,56.074999999999996,0.5666666666666667,0.0,0.0
435,2025-04-01,Queens,871,4.313432835820896,1,8,219,1,0,0,845.0,849.0,48.095,0.3416666666666666,0.0,0.0
436,2025-04-02,Queens,903,4.243632336655592,1,8,213,2,0,0,871.0,817.0,40.2125,0.0,0.0,0.0
437,2025-04-03,Queens,901,4.309655937846837,1,8,231,3,0,0,903.0,833.0,58.8125,0.17500000000000002,0.0,0.0
438,2025-04-04,Queens,887,4.19391206313416,1,8,207,4,0,0,901.0,826.0,63.605,0.2875,0.0,0.0
439,2025-04-05,Queens,805,4.207453416149068,1,8,177,5,1,0,887.0,843.0,48.605,0.07916666666666668,0.0,0.0
440,2025-04-06,Queens,762,4.278215223097113,1,8,196,6,1,0,805.0,769.0,49.6025,0.14583333333333334,0.0,0.0
441,2025-04-07,Queens,829,4.241254523522316,1,8,204,0,0,0,762.0,845.0,43.025,0.3541666666666667,0.0,0.0
442,2025-04-08,Queens,853,4.211019929660023,1,8,203,1,0,0,829.0,871.0,40.205,0.0,0.0,0.0
443,2025-04-09,Queens,797,4.235884567126726,1,8,185,2,0,0,853.0,903.0,37.175000000000004,0.0,0.0,0.0
444,2025-04-10,Queens,784,4.2104591836734695,1,8,190,3,0,0,797.0,901.0,41.39,0.016666666666666666,0.0,0.0
445,2025-04-11,Queens,851,4.3689776733254995,1,8,226,4,0,0,784.0,887.0,43.04750000000001,0.35000000000000003,0.0,0.0
446,2025-04-12,Queens,784,4.196428571428571,1,8,179,5,1,0,851.0,805.0,39.2075,0.7125,0.03791666666666667,0.0
447,2025-04-13,Queens,784,4.232142857142857,1,8,166,6,1,0,784.0,762.0,47.300000000000004,0.025000000000000005,0.0,0.0
448,2025-04-14,Queens,872,4.327981651376147,1,8,220,0,0,0,784.0,829.0,50.495000000000005,0.0,0.0,0.0
449,2025-04-15,Queens,819,4.207570207570208,1,8,215,1,0,0,872.0,853.0,55.355,0.06666666666666667,0.0,0.0
450,2025-04-16,Queens,774,4.385012919896641,1,8,216,2,0,0,819.0,797.0,45.635,0.0,0.0,0.0
451,2025-04-17,Queens,810,4.160493827160494,1,8,184,3,0,0,774.0,784.0,48.5975,0.0,0.0,0.0
452,2025-04-18,Queens,834,4.177458033573141,1,8,181,4,0,0,810.0,851.0,51.29,0.0,0.0,0.0
453,2025-04-19,Queens,880,4.226136363636364,1,8,187,5,1,0,834.0,784.0,69.7025,0.029166666666666664,0.0,0.0
454,2025-04-20,Queens,894,4.157718120805369,1,8,192,6,1,0,880.0,784.0,62.0075,0.0,0.0,0.0
455,2025-04-21,Queens,850,4.198823529411765,1,8,200,0,0,0,894.0,872.0,51.2525,0.008333333333333333,0.0,0.0
456,2025-04-22,Queens,891,4.361391694725028,1,8,216,1,0,0,850.0,819.0,65.315,0.004166666666666667,0.0,0.0
457,2025-04-23,Queens,850,4.218823529411765,1,8,214,2,0,0,891.0,774.0,62.607499999999995,0.0,0.0,0.0
458,2025-04-24,Queens,840,4.310714285714286,1,8,223,3,0,0,850.0,810.0,63.7925,0.0,0.0,0.0
459,2025-04-25,Queens,800,4.26375,1,8,212,4,0,0,840.0,834.0,64.1675,0.0,0.0,0.0
460,2025-01-01,Staten Island,157,4.401273885350318,1,8,40,2,0,1,176.67543859649123,175.91666666666666,45.32749999999999,0.125,0.0,0.0
461,2025-01-02,Staten Island,206,4.189320388349515,1,7,51,3,0,0,157.0,175.91666666666666,36.695,0.0,0.0,0.0
462,2025-01-03,Staten Island,198,3.9646464646464645,1,8,45,4,0,0,206.0,175.91666666666666,32.9225,0.0,0.0,0.0
463,2025-01-04,Staten Island,171,4.111111111111111,1,8,37,5,1,0,198.0,175.91666666666666,29.727500000000003,0.0,0.0,0.0
464,2025-01-05,Staten Island,165,4.175757575757576,1,7,37,6,1,0,171.0,175.91666666666666,28.385,0.0,0.0,0.0
465,2025-01-06,Staten Island,178,4.129213483146067,1,7,38,0,0,0,165.0,175.91666666666666,27.9725,0.08750000000000001,0.05541666666666667,0.008333333333333333
466,2025-01-07,Staten Island,172,4.3023255813953485,1,8,48,1,0,0,178.0,175.91666666666666,23.037499999999998,0.004166666666666667,0.002916666666666667,0.02
467,2025-01-08,Staten Island,173,4.063583815028902,1,7,42,2,0,0,172.0,157.0,24.5825,0.0,0.0,0.015416666666666667
468,2025-01-09,Staten Island,183,4.240437158469946,1,7,46,3,0,0,173.0,206.0,24.6575,0.0,0.0,0.01
469,2025-01-10,Staten Island,201,4.253731343283582,1,7,56,4,0,0,183.0,198.0,30.5,0.0,0.0,0.01
470,2025-01-11,Staten Island,160,3.94375,1,8,36,5,1,0,201.0,171.0,29.855,0.07083333333333333,0.04958333333333333,0.019583333333333335
471,2025-01-12,Staten Island,178,4.073033707865169,1,7,37,6,1,0,160.0,165.0,33.65,0.0,0.0,0.02
472,2025-01-13,Staten Island,197,4.040609137055838,1,7,43,0,0,0,178.0,178.0,34.8425,0.0,0.0,0.02
473,2025-01-14,Staten Island,167,3.9940119760479043,2,7,36,1,0,0,197.0,172.0,29.09,0.0,0.0,0.017499999999999998
474,2025-01-15,Staten Island,170,4.205882352941177,1,7,42,2,0,0,167.0,173.0,26.345,0.0,0.0,0.01
475,2025-01-16,Staten Island,191,4.167539267015707,1,7,52,3,0,0,170.0,183.0,26.5475,0.016666666666666666,0.014583333333333335,0.011666666666666667
476,2025-01-17,Staten Island,152,4.269736842105263,1,8,45,4,0,0,191.0,201.0,31.137500000000003,0.0,0.0,0.01625
477,2025-01-18,Staten Island,174,4.040229885057471,1,7,34,5,1,0,152.0,160.0,37.805,0.075,0.0,0.01
478,2025-01-19,Staten Island,179,4.0,1,8,41,6,1,0,174.0,178.0,33.589999999999996,0.31666666666666665,0.21291666666666667,0.015833333333333335
479,2025-01-20,Staten Island,176,4.0852272727272725,1,8,40,0,0,1,179.0,197.0,19.55,0.004166666666666667,0.002916666666666667,0.04708333333333334
480,2025-01-21,Staten Island,169,4.591715976331361,1,7,57,1,0,0,176.0,167.0,13.100000000000001,0.020833333333333332,0.014583333333333335,0.04041666666666666
481,2025-01-22,Staten Island,222,3.918918918918919,1,7,39,2,0,0,169.0,170.0,12.342500000000001,0.0,0.0,0.05000000000000001
482,2025-01-23,Staten Island,222,4.216216216216216,1,7,57,3,0,0,222.0,191.0,18.162499999999998,0.0,0.0,0.04583333333333334
483,2025-01-24,Staten Island,175,4.56,2,7,60,4,0,0,222.0,152.0,22.895,0.0,0.0,0.04
484,2025-01-25,Staten Island,163,4.404907975460123,1,7,53,5,1,0,175.0,174.0,21.47,0.0,0.0,0.04
485,2025-01-26,Staten Island,172,3.994186046511628,1,7,34,6,1,0,163.0,179.0,32.4575,0.0,0.0,0.04
486,2025-01-27,Staten Island,189,4.169312169312169,1,7,51,0,0,0,172.0,176.0,31.64,0.0,0.0,0.03625
487,2025-01-28,Staten Island,193,4.233160621761658,1,7,52,1,0,0,189.0,169.0,34.2125,0.0,0.0,0.03
488,2025-01-29,Staten Island,172,4.017441860465116,1,7,42,2,0,0,193.0,222.0,40.362500000000004,0.0,0.0,0.025416666666666667
489,2025-01-30,Staten Island,190,3.8473684210526318,1,7,33,3,0,0,172.0,222.0,29.5475,0.0,0.0,0.02
490,2025-01-31,Staten Island,170,3.929411764705882,1,8,29,4,0,0,190.0,175.0,40.355,0.4041666666666666,0.0,0.014583333333333335
491,2025-02-01,Staten Island,148,4.195945945945946,1,8,38,5,1,0,170.0,163.0,34.324999999999996,0.16666666666666666,0.0,0.01
492,2025-02-02,Staten Island,176,4.204545454545454,1,7,42,6,1,0,148.0,172.0,25.22,0.03333333333333333,0.020416666666666666,0.010416666666666666
493,2025-02-03,Staten Island,189,4.3121693121693125,1,7,53,0,0,0,176.0,189.0,36.589999999999996,0.004166666666666667,0.002916666666666667,0.02
494,2025-02-04,Staten Island,209,4.095693779904306,1,7,52,1,0,0,189.0,193.0,39.184999999999995,0.05833333333333334,0.0,0.011250000000000001
495,2025-02-05,Staten Island,190,4.378947368421053,1,8,52,2,0,0,209.0,172.0,30.0575,0.0,0.0,0.01
496,2025-02-06,Staten Island,198,3.984848484848485,1,8,42,3,0,0,190.0,190.0,35.4575,0.4041666666666666,0.16333333333333333,0.024999999999999998
497,2025-02-07,Staten Island,196,4.096938775510204,1,7,43,4,0,0,198.0,170.0,35.3525,0.0,0.0,0.021666666666666667
498,2025-02-08,Staten Island,140,4.2214285714285715,1,7,37,5,1,0,196.0,148.0,29.194999999999997,0.2041666666666667,0.11958333333333333,0.02125
499,2025-02-09,Staten Island,155,4.245161290322581,1,7,38,6,1,0,140.0,176.0,33.11,0.37083333333333335,0.05541666666666667,0.06708333333333334
500,2025-02-10,Staten Island,198,4.141414141414141,1,8,43,0,0,0,155.0,189.0,29.712500000000002,0.0,0.0,0.06458333333333334
501,2025-02-11,Staten Island,188,4.090425531914893,1,7,40,1,0,0,198.0,209.0,26.150000000000002,0.06666666666666667,0.04666666666666667,0.06
502,2025-02-12,Staten Island,168,4.160714285714286,1,7,41,2,0,0,188.0,190.0,31.34,0.19583333333333333,0.13416666666666668,0.08
503,2025-02-13,Staten Island,157,4.082802547770701,1,8,41,3,0,0,168.0,198.0,40.160000000000004,0.25833333333333336,0.002916666666666667,0.06541666666666666
504,2025-02-14,Staten Island,157,4.210191082802548,1,8,42,4,0,0,157.0,196.0,30.53,0.0,0.0,0.04
505,2025-02-15,Staten Island,150,4.033333333333333,1,8,36,5,1,0,157.0,140.0,31.1975,0.3,0.07,0.04416666666666667
506,2025-02-16,Staten Island,164,4.176829268292683,1,8,50,6,1,0,150.0,155.0,39.14,1.3583333333333334,0.0,0.04416666666666667
507,2025-02-17,Staten Island,155,4.116129032258065,1,7,33,0,0,1,164.0,198.0,29.4725,0.0,0.0,0.02
508,2025-02-18,Staten Island,157,4.012738853503185,1,8,34,1,0,0,155.0,188.0,22.7675,0.0,0.0,0.02
509,2025-02-19,Staten Island,167,4.119760479041916,1,7,41,2,0,0,157.0,168.0,23.075,0.0,0.0,0.010833333333333334
510,2025-02-20,Staten Island,184,4.043478260869565,1,8,46,3,0,0,167.0,157.0,23.375,0.0375,0.026250000000000006,0.012916666666666667
511,2025-02-21,Staten Island,166,3.963855421686747,1,7,34,4,0,0,184.0,157.0,25.1075,0.0,0.0,0.02
512,2025-02-22,Staten Island,183,4.284153005464481,1,8,56,5,1,0,166.0,150.0,28.325,0.0,0.0,0.02
513,2025-02-23,Staten Island,164,4.2560975609756095,1,7,47,6,1,0,183.0,164.0,36.027499999999996,0.0,0.0,0.01625
514,2025-02-24,Staten Island,192,4.119791666666667,1,7,47,0,0,0,164.0,155.0,38.0825,0.0,0.0,0.01
515,2025-02-25,Staten Island,181,4.314917127071824,1,8,46,1,0,0,192.0,157.0,44.7275,0.0,0.0,0.005833333333333334
516,2025-02-26,Staten Island,172,4.1976744186046515,1,7,40,2,0,0,181.0,167.0,45.6275,0.008333333333333333,0.0,0.0
517,2025-02-27,Staten Island,155,4.122580645161291,1,7,40,3,0,0,172.0,184.0,47.57,0.16666666666666666,0.0,0.0
518,2025-02-28,Staten Island,162,4.203703703703703,1,7,36,4,0,0,155.0,166.0,43.0625,0.0,0.0,0.0
519,2025-03-01,Staten Island,190,4.042105263157895,1,7,44,5,1,0,162.0,183.0,45.5225,0.0,0.0,0.0
520,2025-03-02,Staten Island,164,4.304878048780488,1,8,35,6,1,0,190.0,164.0,26.8025,0.0,0.0,0.0
521,2025-03-03,Staten Island,172,4.151162790697675,1,7,41,0,0,0,164.0,192.0,29.48,0.0,0.0,0.0
522,2025-03-04,Staten Island,193,4.082901554404145,1,7,41,1,0,0,172.0,181.0,41.72,0.0,0.0,0.0
523,2025-03-05,Staten Island,185,4.151351351351352,1,7,44,2,0,0,193.0,172.0,50.3825,1.5625,0.0,0.0
524,2025-03-06,Staten Island,192,4.135416666666667,1,8,52,3,0,0,185.0,155.0,48.5375,0.125,0.0,0.0
525,2025-03-07,Staten Island,199,4.185929648241206,1,7,43,4,0,0,192.0,162.0,39.2225,0.0,0.0,0.0
526,2025-03-08,Staten Island,157,3.9936305732484074,1,7,33,5,1,0,199.0,190.0,38.855,0.0,0.0,0.0
527,2025-03-09,Staten Island,142,4.049295774647887,1,8,29,6,1,0,157.0,164.0,39.2825,0.0,0.0,0.0
528,2025-03-10,Staten Island,187,3.9893048128342246,2,7,40,0,0,0,142.0,172.0,48.7475,0.0,0.0,0.0
529,2025-03-11,Staten Island,177,4.248587570621469,1,7,48,1,0,0,187.0,193.0,49.01,0.0,0.0,0.0
530,2025-03-12,Staten Island,177,3.983050847457627,1,7,39,2,0,0,177.0,185.0,45.004999999999995,0.0,0.0,0.0
531,2025-03-13,Staten Island,152,4.342105263157895,1,7,48,3,0,0,177.0,192.0,41.69,0.0,0.0,0.0
532,2025-03-14,Staten Island,168,4.214285714285714,1,7,37,4,0,0,152.0,199.0,42.0425,0.0,0.0,0.0
533,2025-03-15,Staten Island,152,4.184210526315789,1,7,42,5,1,0,168.0,157.0,43.3475,0.025000000000000005,0.0,0.0
534,2025-03-16,Staten Island,178,3.9157303370786516,1,7,41,6,1,0,152.0,142.0,55.04749999999999,0.049999999999999996,0.0,0.0
535,2025-03-17,Staten Island,201,4.243781094527363,1,8,57,0,0,0,178.0,187.0,52.505,1.4833333333333334,0.0,0.0
536,2025-03-18,Staten Island,188,3.9680851063829787,1,8,38,1,0,0,201.0,177.0,43.580000000000005,0.0,0.0,0.0
537,2025-03-19,Staten Island,152,4.401315789473684,1,7,47,2,0,0,188.0,177.0,44.8325,0.0,0.0,0.0
538,2025-03-20,Staten Island,172,4.145348837209302,1,7,37,3,0,0,152.0,152.0,45.365,0.5125000000000001,0.0,0.0
539,2025-03-21,Staten Island,173,4.138728323699422,1,7,36,4,0,0,172.0,168.0,43.625,0.225,0.0,0.0
540,2025-03-22,Staten Island,167,4.2155688622754495,1,8,47,5,1,0,173.0,152.0,47.449999999999996,0.004166666666666667,0.0,0.0
541,2025-03-23,Staten Island,158,4.139240506329114,1,7,31,6,1,0,167.0,178.0,38.0225,0.0,0.0,0.0
542,2025-03-24,Staten Island,187,4.224598930481283,1,7,48,0,0,0,158.0,201.0,45.357499999999995,0.6166666666666667,0.0,0.0
543,2025-03-25,Staten Island,171,4.181286549707602,1,7,48,1,0,0,187.0,188.0,48.830000000000005,0.0,0.0,0.0
544,2025-03-26,Staten Island,178,4.230337078651686,1,7,47,2,0,0,171.0,152.0,43.3775,0.0,0.0,0.0
545,2025-03-27,Staten Island,162,4.1419753086419755,1,7,38,3,0,0,178.0,172.0,41.045,0.0,0.0,0.0
546,2025-03-28,Staten Island,168,3.7738095238095237,1,7,33,4,0,0,162.0,173.0,51.26,0.0,0.0,0.0
547,2025-03-29,Staten Island,170,4.0588235294117645,1,7,34,5,1,0,168.0,167.0,62.9075,0.08333333333333333,0.0,0.0
548,2025-03-30,Staten Island,157,3.789808917197452,1,7,26,6,1,0,170.0,158.0,45.785,0.012500000000000002,0.0,0.0
549,2025-03-31,Staten Island,196,4.3520408163265305,1,8,45,0,0,0,157.0,187.0,62.465,1.0291666666666668,0.0,0.0
550,2025-04-01,Staten Island,171,4.140350877192983,1,8,44,1,0,0,196.0,171.0,47.824999999999996,0.2916666666666667,0.0,0.0
551,2025-04-02,Staten Island,176,4.5227272727272725,1,7,59,2,0,0,171.0,178.0,40.25,0.0,0.0,0.0
552,2025-04-03,Staten Island,206,4.339805825242719,1,7,62,3,0,0,176.0,162.0,60.0725,0.14166666666666666,0.0,0.0
553,2025-04-04,Staten Island,201,4.2835820895522385,1,8,54,4,0,0,206.0,168.0,63.67250000000001,0.3416666666666666,0.0,0.0
554,2025-04-05,Staten Island,167,4.293413173652695,1,7,42,5,1,0,201.0,170.0,48.4475,0.1708333333333333,0.0,0.0
555,2025-04-06,Staten Island,190,4.189473684210526,1,8,45,6,1,0,167.0,157.0,49.857499999999995,0.09166666666666667,0.0,0.0
556,2025-04-07,Staten Island,175,4.034285714285715,1,7,39,0,0,0,190.0,196.0,43.42250000000001,0.4291666666666667,0.0,0.0
557,2025-04-08,Staten Island,164,4.189024390243903,1,7,42,1,0,0,175.0,171.0,40.4675,0.0,0.0,0.0
558,2025-04-09,Staten Island,177,4.2824858757062145,1,8,48,2,0,0,164.0,176.0,38.0825,0.0,0.0,0.0
559,2025-04-10,Staten Island,142,4.133802816901408,1,8,26,3,0,0,177.0,206.0,41.472500000000004,0.025000000000000005,0.0,0.0
560,2025-04-11,Staten Island,174,4.149425287356322,1,7,43,4,0,0,142.0,201.0,43.26500000000001,0.5916666666666667,0.0,0.0
561,2025-04-12,Staten Island,164,4.225609756097561,1,8,45,5,1,0,174.0,167.0,39.035000000000004,0.75,0.03208333333333333,0.0
562,2025-04-13,Staten Island,196,4.301020408163265,2,7,46,6,1,0,164.0,190.0,47.6975,0.0,0.0,0.0
563,2025-04-14,Staten Island,184,4.309782608695652,1,7,50,0,0,0,196.0,175.0,50.6,0.0,0.0,0.0
564,2025-04-15,Staten Island,194,4.020618556701031,1,7,37,1,0,0,184.0,164.0,55.7825,0.11666666666666665,0.0,0.0
565,2025-04-16,Staten Island,167,4.25748502994012,1,7,46,2,0,0,194.0,177.0,46.392500000000005,0.0,0.0,0.0
566,2025-04-17,Staten Island,170,4.752941176470588,1,7,57,3,0,0,167.0,142.0,50.262499999999996,0.0,0.0,0.0
567,2025-04-18,Staten Island,190,4.2,1,7,48,4,0,0,170.0,174.0,54.8825,0.0,0.0,0.0
568,2025-04-19,Staten Island,211,4.260663507109005,1,8,53,5,1,0,190.0,164.0,71.3525,0.004166666666666667,0.0,0.0
569,2025-04-20,Staten Island,171,4.011695906432749,1,7,39,6,1,0,211.0,196.0,62.607499999999995,0.0,0.0,0.0
570,2025-04-21,Staten Island,168,4.291666666666667,1,8,48,0,0,0,171.0,184.0,50.7875,0.012500000000000002,0.0,0.0
571,2025-04-22,Staten Island,202,4.02970297029703,1,8,39,1,0,0,168.0,194.0,65.33,0.016666666666666666,0.0,0.0
572,2025-04-23,Staten Island,187,4.342245989304812,1,7,47,2,0,0,202.0,167.0,63.725,0.0,0.0,0.0
573,2025-04-24,Staten Island,203,4.216748768472907,1,7,58,3,0,0,187.0,170.0,65.33,0.0,0.0,0.0
574,2025-04-25,Staten Island,170,4.08235294117647,1,7,37,4,0,0,203.0,190.0,65.52499999999999,0.0,0.0,0.0
